"","source","target","ligand","receptor","prob","pval","interaction_name","interaction_name_2","pathway_name","annotation","evidence"
"1","Beta 1","Alpha","TGFB1","TGFbR1_R2",1.50588412554198e-06,0,"TGFB1_TGFBR1_TGFBR2","TGFB1 - (TGFBR1+TGFBR2)","TGFb","Secreted Signaling","KEGG: hsa04350"
"2","Beta 1","Beta 1","TGFB1","TGFbR1_R2",6.01098200928725e-06,0,"TGFB1_TGFBR1_TGFBR2","TGFB1 - (TGFBR1+TGFBR2)","TGFb","Secreted Signaling","KEGG: hsa04350"
"3","Beta 1","Delta","TGFB1","TGFbR1_R2",3.81050572941893e-06,0,"TGFB1_TGFBR1_TGFBR2","TGFB1 - (TGFBR1+TGFBR2)","TGFb","Secreted Signaling","KEGG: hsa04350"
"4","Beta 1","Alpha","TGFB2","TGFbR1_R2",2.21888670251404e-07,0,"TGFB2_TGFBR1_TGFBR2","TGFB2 - (TGFBR1+TGFBR2)","TGFb","Secreted Signaling","KEGG: hsa04350"
"5","Beta 1","Beta 1","TGFB2","TGFbR1_R2",8.85708293059063e-07,0,"TGFB2_TGFBR1_TGFBR2","TGFB2 - (TGFBR1+TGFBR2)","TGFb","Secreted Signaling","KEGG: hsa04350"
"6","Beta 1","Delta","TGFB2","TGFbR1_R2",5.61470635050575e-07,0,"TGFB2_TGFBR1_TGFBR2","TGFB2 - (TGFBR1+TGFBR2)","TGFb","Secreted Signaling","KEGG: hsa04350"
"7","Beta 1","Beta 1","TGFB3","TGFbR1_R2",4.62552591623645e-07,0,"TGFB3_TGFBR1_TGFBR2","TGFB3 - (TGFBR1+TGFBR2)","TGFb","Secreted Signaling","KEGG: hsa04350"
"8","Beta 1","Alpha","TGFB1","ACVR1B_TGFbR2",1.10021553483729e-05,0,"TGFB1_ACVR1B_TGFBR2","TGFB1 - (ACVR1B+TGFBR2)","TGFb","Secreted Signaling","PMID: 27449815"
"9","Beta 1","Beta 1","TGFB1","ACVR1B_TGFbR2",2.17237025977783e-05,0,"TGFB1_ACVR1B_TGFBR2","TGFB1 - (ACVR1B+TGFBR2)","TGFb","Secreted Signaling","PMID: 27449815"
"10","Beta 1","Delta","TGFB1","ACVR1B_TGFbR2",1.70333708961241e-05,0,"TGFB1_ACVR1B_TGFBR2","TGFB1 - (ACVR1B+TGFBR2)","TGFb","Secreted Signaling","PMID: 27449815"
"11","Beta 1","Beta 2","TGFB1","ACVR1B_TGFbR2",6.98828463900453e-06,0,"TGFB1_ACVR1B_TGFBR2","TGFB1 - (ACVR1B+TGFBR2)","TGFb","Secreted Signaling","PMID: 27449815"
"12","Beta 1","Beta 3","TGFB1","ACVR1B_TGFbR2",6.9144201183033e-06,0,"TGFB1_ACVR1B_TGFBR2","TGFB1 - (ACVR1B+TGFBR2)","TGFb","Secreted Signaling","PMID: 27449815"
"13","Beta 1","Beta 2","TGFB1","ACVR1C_TGFbR2",7.87942627364637e-06,0,"TGFB1_ACVR1C_TGFBR2","TGFB1 - (ACVR1C+TGFBR2)","TGFb","Secreted Signaling","PMID: 27449815"
"14","Beta 1","Beta 3","TGFB1","ACVR1C_TGFbR2",7.26404990868597e-06,0,"TGFB1_ACVR1C_TGFBR2","TGFB1 - (ACVR1C+TGFBR2)","TGFb","Secreted Signaling","PMID: 27449815"
"15","Beta 1","Alpha","TGFB2","ACVR1B_TGFbR2",1.62115660833359e-06,0,"TGFB2_ACVR1B_TGFBR2","TGFB2 - (ACVR1B+TGFBR2)","TGFb","Secreted Signaling","PMID: 27449815"
"16","Beta 1","Beta 1","TGFB2","ACVR1B_TGFbR2",3.20099581255212e-06,0,"TGFB2_ACVR1B_TGFBR2","TGFB2 - (ACVR1B+TGFBR2)","TGFb","Secreted Signaling","PMID: 27449815"
"17","Beta 1","Delta","TGFB2","ACVR1B_TGFbR2",2.5098628955305e-06,0,"TGFB2_ACVR1B_TGFBR2","TGFB2 - (ACVR1B+TGFBR2)","TGFb","Secreted Signaling","PMID: 27449815"
"18","Beta 1","Beta 2","TGFB2","ACVR1B_TGFbR2",1.02971310314166e-06,0,"TGFB2_ACVR1B_TGFBR2","TGFB2 - (ACVR1B+TGFBR2)","TGFb","Secreted Signaling","PMID: 27449815"
"19","Beta 1","Beta 3","TGFB2","ACVR1B_TGFbR2",1.0188292337957e-06,0,"TGFB2_ACVR1B_TGFBR2","TGFB2 - (ACVR1B+TGFBR2)","TGFb","Secreted Signaling","PMID: 27449815"
"20","Beta 1","Beta 2","TGFB2","ACVR1C_TGFbR2",1.16102237182392e-06,0,"TGFB2_ACVR1C_TGFBR2","TGFB2 - (ACVR1C+TGFBR2)","TGFb","Secreted Signaling","PMID: 27449815"
"21","Beta 1","Beta 3","TGFB2","ACVR1C_TGFbR2",1.07034697751573e-06,0,"TGFB2_ACVR1C_TGFBR2","TGFB2 - (ACVR1C+TGFBR2)","TGFb","Secreted Signaling","PMID: 27449815"
"22","Beta 1","Alpha","TGFB1","ACVR1_TGFbR",1.35058127238551e-06,0,"TGFB1_ACVR1_TGFBR1","TGFB1 - (ACVR1+TGFBR1)","TGFb","Secreted Signaling","PMID: 29376829"
"23","Beta 1","Beta 1","TGFB1","ACVR1_TGFbR",3.23776680390594e-06,0,"TGFB1_ACVR1_TGFBR1","TGFB1 - (ACVR1+TGFBR1)","TGFb","Secreted Signaling","PMID: 29376829"
"24","Beta 1","Delta","TGFB1","ACVR1_TGFbR",1.88531985004574e-06,0,"TGFB1_ACVR1_TGFBR1","TGFB1 - (ACVR1+TGFBR1)","TGFb","Secreted Signaling","PMID: 29376829"
"25","Beta 1","Beta 2","TGFB1","ACVR1_TGFbR",1.09519522619788e-06,0.03,"TGFB1_ACVR1_TGFBR1","TGFB1 - (ACVR1+TGFBR1)","TGFb","Secreted Signaling","PMID: 29376829"
"26","Beta 1","Alpha","TGFB2","ACVR1_TGFbR",1.990051066161e-07,0,"TGFB2_ACVR1_TGFBR1","TGFB2 - (ACVR1+TGFBR1)","TGFb","Secreted Signaling","PMID: 29376829"
"27","Beta 1","Beta 1","TGFB2","ACVR1_TGFbR",4.77078409119033e-07,0,"TGFB2_ACVR1_TGFBR1","TGFB2 - (ACVR1+TGFBR1)","TGFb","Secreted Signaling","PMID: 29376829"
"28","Beta 1","Delta","TGFB2","ACVR1_TGFbR",2.77797757529271e-07,0,"TGFB2_ACVR1_TGFBR1","TGFB2 - (ACVR1+TGFBR1)","TGFb","Secreted Signaling","PMID: 29376829"
"29","Beta 1","Beta 2","TGFB2","ACVR1_TGFbR",1.61374513145922e-07,0.03,"TGFB2_ACVR1_TGFBR1","TGFB2 - (ACVR1+TGFBR1)","TGFb","Secreted Signaling","PMID: 29376829"
"30","Beta 1","Beta 1","TGFB3","ACVR1_TGFbR",2.4914953454814e-07,0.04,"TGFB3_ACVR1_TGFBR1","TGFB3 - (ACVR1+TGFBR1)","TGFb","Secreted Signaling","PMID: 29376829"
"31","Beta 1","Alpha","BMP5","ACVR1_BMPR2",1.97419321251852e-05,0,"BMP5_ACVR1_BMPR2","BMP5 - (ACVR1+BMPR2)","BMP","Secreted Signaling","KEGG: hsa04350; PMID:26893264"
"32","Delta","Alpha","BMP5","ACVR1_BMPR2",1.73767374491901e-05,0.03,"BMP5_ACVR1_BMPR2","BMP5 - (ACVR1+BMPR2)","BMP","Secreted Signaling","KEGG: hsa04350; PMID:26893264"
"33","Beta 1","Beta 1","BMP5","ACVR1_BMPR2",1.74415570527196e-05,0,"BMP5_ACVR1_BMPR2","BMP5 - (ACVR1+BMPR2)","BMP","Secreted Signaling","KEGG: hsa04350; PMID:26893264"
"34","Beta 1","Beta 2","BMP5","ACVR1_BMPR2",2.52357278243658e-05,0.04,"BMP5_ACVR1_BMPR2","BMP5 - (ACVR1+BMPR2)","BMP","Secreted Signaling","KEGG: hsa04350; PMID:26893264"
"35","Delta","Beta 2","BMP5","ACVR1_BMPR2",2.2212363877847e-05,0.02,"BMP5_ACVR1_BMPR2","BMP5 - (ACVR1+BMPR2)","BMP","Secreted Signaling","KEGG: hsa04350; PMID:26893264"
"36","Alpha","Alpha","INHBA","ACVR1B_ACVR2A",0.000407966990650569,0,"INHBA_ACVR1B_ACVR2A","INHBA - (ACVR1B+ACVR2A)","ACTIVIN","Secreted Signaling","KEGG: hsa04350"
"37","Beta 2","Alpha","INHBA","ACVR1B_ACVR2A",0.000297064524352318,0,"INHBA_ACVR1B_ACVR2A","INHBA - (ACVR1B+ACVR2A)","ACTIVIN","Secreted Signaling","KEGG: hsa04350"
"38","Beta 3","Alpha","INHBA","ACVR1B_ACVR2A",0.000382297577968471,0,"INHBA_ACVR1B_ACVR2A","INHBA - (ACVR1B+ACVR2A)","ACTIVIN","Secreted Signaling","KEGG: hsa04350"
"39","Alpha","Beta 2","INHBA","ACVR1B_ACVR2A",0.000305004678210818,0,"INHBA_ACVR1B_ACVR2A","INHBA - (ACVR1B+ACVR2A)","ACTIVIN","Secreted Signaling","KEGG: hsa04350"
"40","Beta 3","Beta 2","INHBA","ACVR1B_ACVR2A",0.000285811693104458,0.02,"INHBA_ACVR1B_ACVR2A","INHBA - (ACVR1B+ACVR2A)","ACTIVIN","Secreted Signaling","KEGG: hsa04350"
"41","Alpha","Beta 3","INHBA","ACVR1B_ACVR2A",0.000383600659556856,0,"INHBA_ACVR1B_ACVR2A","INHBA - (ACVR1B+ACVR2A)","ACTIVIN","Secreted Signaling","KEGG: hsa04350"
"42","Beta 2","Beta 3","INHBA","ACVR1B_ACVR2A",0.000279319988103365,0.02,"INHBA_ACVR1B_ACVR2A","INHBA - (ACVR1B+ACVR2A)","ACTIVIN","Secreted Signaling","KEGG: hsa04350"
"43","Beta 3","Beta 3","INHBA","ACVR1B_ACVR2A",0.000359463787172639,0.02,"INHBA_ACVR1B_ACVR2A","INHBA - (ACVR1B+ACVR2A)","ACTIVIN","Secreted Signaling","KEGG: hsa04350"
"44","Alpha","Alpha","INHBA","ACVR1B_ACVR2B",0.000187869171473832,0,"INHBA_ACVR1B_ACVR2B","INHBA - (ACVR1B+ACVR2B)","ACTIVIN","Secreted Signaling","KEGG: hsa04351"
"45","Beta 2","Alpha","INHBA","ACVR1B_ACVR2B",0.000136789866797932,0,"INHBA_ACVR1B_ACVR2B","INHBA - (ACVR1B+ACVR2B)","ACTIVIN","Secreted Signaling","KEGG: hsa04351"
"46","Beta 3","Alpha","INHBA","ACVR1B_ACVR2B",0.000176045800135596,0,"INHBA_ACVR1B_ACVR2B","INHBA - (ACVR1B+ACVR2B)","ACTIVIN","Secreted Signaling","KEGG: hsa04351"
"47","Alpha","Beta 2","INHBA","ACVR1B_ACVR2B",0.000163040161765488,0,"INHBA_ACVR1B_ACVR2B","INHBA - (ACVR1B+ACVR2B)","ACTIVIN","Secreted Signaling","KEGG: hsa04351"
"48","Beta 3","Beta 2","INHBA","ACVR1B_ACVR2B",0.000152779119030138,0.02,"INHBA_ACVR1B_ACVR2B","INHBA - (ACVR1B+ACVR2B)","ACTIVIN","Secreted Signaling","KEGG: hsa04351"
"49","Alpha","Beta 3","INHBA","ACVR1B_ACVR2B",0.000178059939047305,0,"INHBA_ACVR1B_ACVR2B","INHBA - (ACVR1B+ACVR2B)","ACTIVIN","Secreted Signaling","KEGG: hsa04351"
"50","Beta 2","Beta 3","INHBA","ACVR1B_ACVR2B",0.000129647270018268,0.03,"INHBA_ACVR1B_ACVR2B","INHBA - (ACVR1B+ACVR2B)","ACTIVIN","Secreted Signaling","KEGG: hsa04351"
"51","Beta 3","Beta 3","INHBA","ACVR1B_ACVR2B",0.000166853790688064,0.02,"INHBA_ACVR1B_ACVR2B","INHBA - (ACVR1B+ACVR2B)","ACTIVIN","Secreted Signaling","KEGG: hsa04351"
"52","Beta 2","Alpha","WNT4","FZD3_LRP5",3.17836988019585e-05,0,"WNT4_FZD3_LRP5","WNT4 - (FZD3+LRP5)","WNT","Secreted Signaling","KEGG: hsa04310; PMID: 23209147"
"53","Beta 3","Alpha","WNT4","FZD3_LRP5",3.19728729717281e-05,0,"WNT4_FZD3_LRP5","WNT4 - (FZD3+LRP5)","WNT","Secreted Signaling","KEGG: hsa04310; PMID: 23209147"
"54","Beta 2","Delta","WNT4","FZD3_LRP5",3.69147738129509e-05,0.01,"WNT4_FZD3_LRP5","WNT4 - (FZD3+LRP5)","WNT","Secreted Signaling","KEGG: hsa04310; PMID: 23209147"
"55","Beta 3","Delta","WNT4","FZD3_LRP5",3.71344866152574e-05,0.02,"WNT4_FZD3_LRP5","WNT4 - (FZD3+LRP5)","WNT","Secreted Signaling","KEGG: hsa04310; PMID: 23209147"
"56","Beta 2","Beta 2","WNT4","FZD3_LRP5",3.37589668301055e-05,0.02,"WNT4_FZD3_LRP5","WNT4 - (FZD3+LRP5)","WNT","Secreted Signaling","KEGG: hsa04310; PMID: 23209147"
"57","Beta 3","Beta 2","WNT4","FZD3_LRP5",3.39598972448937e-05,0.03,"WNT4_FZD3_LRP5","WNT4 - (FZD3+LRP5)","WNT","Secreted Signaling","KEGG: hsa04310; PMID: 23209147"
"58","Beta 2","Beta 3","WNT4","FZD3_LRP5",3.59573449789409e-05,0,"WNT4_FZD3_LRP5","WNT4 - (FZD3+LRP5)","WNT","Secreted Signaling","KEGG: hsa04310; PMID: 23209147"
"59","Beta 3","Beta 3","WNT4","FZD3_LRP5",3.61713594731205e-05,0,"WNT4_FZD3_LRP5","WNT4 - (FZD3+LRP5)","WNT","Secreted Signaling","KEGG: hsa04310; PMID: 23209147"
"60","Beta 2","Alpha","WNT4","FZD8_LRP5",1.68408115747187e-06,0,"WNT4_FZD8_LRP5","WNT4 - (FZD8+LRP5)","WNT","Secreted Signaling","KEGG: hsa04310; PMID: 23209147"
"61","Beta 3","Alpha","WNT4","FZD8_LRP5",1.69410498562611e-06,0,"WNT4_FZD8_LRP5","WNT4 - (FZD8+LRP5)","WNT","Secreted Signaling","KEGG: hsa04310; PMID: 23209147"
"62","Alpha","Delta","WNT4","FZD8_LRP5",1.65392504773492e-06,0.02,"WNT4_FZD8_LRP5","WNT4 - (FZD8+LRP5)","WNT","Secreted Signaling","KEGG: hsa04310; PMID: 23209147"
"63","Beta 1","Delta","WNT4","FZD8_LRP5",1.56821426546346e-06,0.04,"WNT4_FZD8_LRP5","WNT4 - (FZD8+LRP5)","WNT","Secreted Signaling","KEGG: hsa04310; PMID: 23209147"
"64","Beta 2","Delta","WNT4","FZD8_LRP5",1.98234806197943e-06,0.01,"WNT4_FZD8_LRP5","WNT4 - (FZD8+LRP5)","WNT","Secreted Signaling","KEGG: hsa04310; PMID: 23209147"
"65","Beta 3","Delta","WNT4","FZD8_LRP5",1.99414720256509e-06,0.01,"WNT4_FZD8_LRP5","WNT4 - (FZD8+LRP5)","WNT","Secreted Signaling","KEGG: hsa04310; PMID: 23209147"
"66","Beta 2","Alpha","WNT4","FZD3_LRP6",1.69983015587282e-05,0,"WNT4_FZD3_LRP6","WNT4 - (FZD3+LRP6)","WNT","Secreted Signaling","KEGG: hsa04310; PMID: 23209147"
"67","Beta 3","Alpha","WNT4","FZD3_LRP6",1.70994756731621e-05,0,"WNT4_FZD3_LRP6","WNT4 - (FZD3+LRP6)","WNT","Secreted Signaling","KEGG: hsa04310; PMID: 23209147"
"68","Beta 2","Delta","WNT4","FZD3_LRP6",1.76228977515154e-05,0.02,"WNT4_FZD3_LRP6","WNT4 - (FZD3+LRP6)","WNT","Secreted Signaling","KEGG: hsa04310; PMID: 23209147"
"69","Beta 3","Delta","WNT4","FZD3_LRP6",1.77277894046726e-05,0.03,"WNT4_FZD3_LRP6","WNT4 - (FZD3+LRP6)","WNT","Secreted Signaling","KEGG: hsa04310; PMID: 23209147"
"70","Beta 2","Beta 2","WNT4","FZD3_LRP6",2.01176919049861e-05,0.01,"WNT4_FZD3_LRP6","WNT4 - (FZD3+LRP6)","WNT","Secreted Signaling","KEGG: hsa04310; PMID: 23209147"
"71","Beta 3","Beta 2","WNT4","FZD3_LRP6",2.02374322946865e-05,0,"WNT4_FZD3_LRP6","WNT4 - (FZD3+LRP6)","WNT","Secreted Signaling","KEGG: hsa04310; PMID: 23209147"
"72","Alpha","Beta 3","WNT4","FZD3_LRP6",1.79467756992593e-05,0,"WNT4_FZD3_LRP6","WNT4 - (FZD3+LRP6)","WNT","Secreted Signaling","KEGG: hsa04310; PMID: 23209147"
"73","Beta 1","Beta 3","WNT4","FZD3_LRP6",1.70167404738796e-05,0.03,"WNT4_FZD3_LRP6","WNT4 - (FZD3+LRP6)","WNT","Secreted Signaling","KEGG: hsa04310; PMID: 23209147"
"74","Beta 2","Beta 3","WNT4","FZD3_LRP6",2.15104308100251e-05,0,"WNT4_FZD3_LRP6","WNT4 - (FZD3+LRP6)","WNT","Secreted Signaling","KEGG: hsa04310; PMID: 23209147"
"75","Beta 3","Beta 3","WNT4","FZD3_LRP6",2.16384605939254e-05,0,"WNT4_FZD3_LRP6","WNT4 - (FZD3+LRP6)","WNT","Secreted Signaling","KEGG: hsa04310; PMID: 23209147"
"76","Alpha","Alpha","FGF7","FGFR1",0.000257012081213653,0,"FGF7_FGFR1","FGF7 - FGFR1","FGF","Secreted Signaling","PMC: 4393358"
"77","Beta 1","Alpha","FGF7","FGFR1",0.000314110503729155,0,"FGF7_FGFR1","FGF7 - FGFR1","FGF","Secreted Signaling","PMC: 4393358"
"78","Beta 2","Alpha","FGF7","FGFR1",0.000284644072816886,0.02,"FGF7_FGFR1","FGF7 - FGFR1","FGF","Secreted Signaling","PMC: 4393358"
"79","Beta 3","Alpha","FGF7","FGFR1",0.000308990812937332,0.01,"FGF7_FGFR1","FGF7 - FGFR1","FGF","Secreted Signaling","PMC: 4393358"
"80","Alpha","Beta 2","FGF7","FGFR1",0.00028788361787557,0.02,"FGF7_FGFR1","FGF7 - FGFR1","FGF","Secreted Signaling","PMC: 4393358"
"81","Beta 1","Beta 2","FGF7","FGFR1",0.000351838121574356,0,"FGF7_FGFR1","FGF7 - FGFR1","FGF","Secreted Signaling","PMC: 4393358"
"82","Beta 2","Beta 2","FGF7","FGFR1",0.000318833624684112,0.03,"FGF7_FGFR1","FGF7 - FGFR1","FGF","Secreted Signaling","PMC: 4393358"
"83","Beta 3","Beta 2","FGF7","FGFR1",0.000346103720789857,0,"FGF7_FGFR1","FGF7 - FGFR1","FGF","Secreted Signaling","PMC: 4393358"
"84","Alpha","Beta 3","FGF7","FGFR1",0.000323420725276364,0,"FGF7_FGFR1","FGF7 - FGFR1","FGF","Secreted Signaling","PMC: 4393358"
"85","Beta 1","Beta 3","FGF7","FGFR1",0.000395266818913226,0,"FGF7_FGFR1","FGF7 - FGFR1","FGF","Secreted Signaling","PMC: 4393358"
"86","Delta","Beta 3","FGF7","FGFR1",0.000302655528582282,0.02,"FGF7_FGFR1","FGF7 - FGFR1","FGF","Secreted Signaling","PMC: 4393358"
"87","Beta 2","Beta 3","FGF7","FGFR1",0.000358189913068544,0.01,"FGF7_FGFR1","FGF7 - FGFR1","FGF","Secreted Signaling","PMC: 4393358"
"88","Beta 3","Beta 3","FGF7","FGFR1",0.000388824874873043,0,"FGF7_FGFR1","FGF7 - FGFR1","FGF","Secreted Signaling","PMC: 4393358"
"89","Alpha","Alpha","FGF9","FGFR1",2.05826039469918e-05,0,"FGF9_FGFR1","FGF9 - FGFR1","FGF","Secreted Signaling","PMC: 4393358"
"90","Delta","Alpha","FGF9","FGFR1",1.69985789141567e-05,0,"FGF9_FGFR1","FGF9 - FGFR1","FGF","Secreted Signaling","PMC: 4393358"
"91","Beta 2","Alpha","FGF9","FGFR1",2.2862238590151e-05,0,"FGF9_FGFR1","FGF9 - FGFR1","FGF","Secreted Signaling","PMC: 4393358"
"92","Beta 3","Alpha","FGF9","FGFR1",2.32103347385036e-05,0,"FGF9_FGFR1","FGF9 - FGFR1","FGF","Secreted Signaling","PMC: 4393358"
"93","Alpha","Beta 2","FGF9","FGFR1",2.30555808356189e-05,0,"FGF9_FGFR1","FGF9 - FGFR1","FGF","Secreted Signaling","PMC: 4393358"
"94","Delta","Beta 2","FGF9","FGFR1",1.90409473953209e-05,0.04,"FGF9_FGFR1","FGF9 - FGFR1","FGF","Secreted Signaling","PMC: 4393358"
"95","Beta 2","Beta 2","FGF9","FGFR1",2.56091040221172e-05,0,"FGF9_FGFR1","FGF9 - FGFR1","FGF","Secreted Signaling","PMC: 4393358"
"96","Beta 3","Beta 2","FGF9","FGFR1",2.59990223399393e-05,0,"FGF9_FGFR1","FGF9 - FGFR1","FGF","Secreted Signaling","PMC: 4393358"
"97","Alpha","Beta 3","FGF9","FGFR1",2.59024691111214e-05,0,"FGF9_FGFR1","FGF9 - FGFR1","FGF","Secreted Signaling","PMC: 4393358"
"98","Delta","Beta 3","FGF9","FGFR1",2.1392121923581e-05,0,"FGF9_FGFR1","FGF9 - FGFR1","FGF","Secreted Signaling","PMC: 4393358"
"99","Beta 2","Beta 3","FGF9","FGFR1",2.87712906243994e-05,0,"FGF9_FGFR1","FGF9 - FGFR1","FGF","Secreted Signaling","PMC: 4393358"
"100","Beta 3","Beta 3","FGF9","FGFR1",2.92093542605287e-05,0,"FGF9_FGFR1","FGF9 - FGFR1","FGF","Secreted Signaling","PMC: 4393358"
"101","Alpha","Alpha","FGF9","FGFR3",1.6481851269166e-06,0,"FGF9_FGFR3","FGF9 - FGFR3","FGF","Secreted Signaling","PMC: 4393358"
"102","Beta 2","Alpha","FGF9","FGFR3",1.83073437802058e-06,0,"FGF9_FGFR3","FGF9 - FGFR3","FGF","Secreted Signaling","PMC: 4393358"
"103","Beta 3","Alpha","FGF9","FGFR3",1.85860939079749e-06,0,"FGF9_FGFR3","FGF9 - FGFR3","FGF","Secreted Signaling","PMC: 4393358"
"104","Beta 2","Delta","FGF9","FGFR3",1.6126891153195e-06,0.04,"FGF9_FGFR3","FGF9 - FGFR3","FGF","Secreted Signaling","PMC: 4393358"
"105","Beta 3","Delta","FGF9","FGFR3",1.63724414645107e-06,0.02,"FGF9_FGFR3","FGF9 - FGFR3","FGF","Secreted Signaling","PMC: 4393358"
"106","Alpha","Beta 2","FGF9","FGFR3",1.78333627357784e-06,0,"FGF9_FGFR3","FGF9 - FGFR3","FGF","Secreted Signaling","PMC: 4393358"
"107","Beta 2","Beta 2","FGF9","FGFR3",1.98085452988319e-06,0,"FGF9_FGFR3","FGF9 - FGFR3","FGF","Secreted Signaling","PMC: 4393358"
"108","Beta 3","Beta 2","FGF9","FGFR3",2.01101528808892e-06,0,"FGF9_FGFR3","FGF9 - FGFR3","FGF","Secreted Signaling","PMC: 4393358"
"109","Alpha","Beta 3","FGF9","FGFR3",1.80417266619344e-06,0,"FGF9_FGFR3","FGF9 - FGFR3","FGF","Secreted Signaling","PMC: 4393358"
"110","Beta 2","Beta 3","FGF9","FGFR3",2.00399870917396e-06,0,"FGF9_FGFR3","FGF9 - FGFR3","FGF","Secreted Signaling","PMC: 4393358"
"111","Beta 3","Beta 3","FGF9","FGFR3",2.03451186305779e-06,0,"FGF9_FGFR3","FGF9 - FGFR3","FGF","Secreted Signaling","PMC: 4393358"
"112","Alpha","Alpha","FGF9","FGFR4",9.55777661437325e-07,0,"FGF9_FGFR4","FGF9 - FGFR4","FGF","Secreted Signaling","PMC: 4393358"
"113","Beta 2","Alpha","FGF9","FGFR4",1.06163751155821e-06,0,"FGF9_FGFR4","FGF9 - FGFR4","FGF","Secreted Signaling","PMC: 4393358"
"114","Beta 3","Alpha","FGF9","FGFR4",1.0778021625644e-06,0,"FGF9_FGFR4","FGF9 - FGFR4","FGF","Secreted Signaling","PMC: 4393358"
"115","Beta 3","Delta","FGF9","FGFR4",8.96398788662666e-07,0.04,"FGF9_FGFR4","FGF9 - FGFR4","FGF","Secreted Signaling","PMC: 4393358"
"116","Alpha","Beta 2","FGF9","FGFR4",1.06912292420521e-06,0,"FGF9_FGFR4","FGF9 - FGFR4","FGF","Secreted Signaling","PMC: 4393358"
"117","Beta 2","Beta 2","FGF9","FGFR4",1.18753663362173e-06,0,"FGF9_FGFR4","FGF9 - FGFR4","FGF","Secreted Signaling","PMC: 4393358"
"118","Beta 3","Beta 2","FGF9","FGFR4",1.20561824111675e-06,0,"FGF9_FGFR4","FGF9 - FGFR4","FGF","Secreted Signaling","PMC: 4393358"
"119","Alpha","Beta 3","FGF9","FGFR4",1.08064678369982e-06,0,"FGF9_FGFR4","FGF9 - FGFR4","FGF","Secreted Signaling","PMC: 4393358"
"120","Beta 2","Beta 3","FGF9","FGFR4",1.20033684897842e-06,0,"FGF9_FGFR4","FGF9 - FGFR4","FGF","Secreted Signaling","PMC: 4393358"
"121","Beta 3","Beta 3","FGF9","FGFR4",1.21861335419813e-06,0.01,"FGF9_FGFR4","FGF9 - FGFR4","FGF","Secreted Signaling","PMC: 4393358"
"122","Alpha","Alpha","PDGFA","PDGFRB",2.64137842244031e-06,0,"PDGFA_PDGFRB","PDGFA - PDGFRB","PDGF","Secreted Signaling","PMID: 15207812"
"123","Beta 2","Alpha","PDGFA","PDGFRB",3.09184680047765e-06,0,"PDGFA_PDGFRB","PDGFA - PDGFRB","PDGF","Secreted Signaling","PMID: 15207812"
"124","Beta 3","Alpha","PDGFA","PDGFRB",3.24925856117763e-06,0,"PDGFA_PDGFRB","PDGFA - PDGFRB","PDGF","Secreted Signaling","PMID: 15207812"
"125","Alpha","Delta","PDGFA","PDGFRB",2.38180756354828e-06,0,"PDGFA_PDGFRB","PDGFA - PDGFRB","PDGF","Secreted Signaling","PMID: 15207812"
"126","Beta 3","Delta","PDGFA","PDGFRB",2.92995089741784e-06,0,"PDGFA_PDGFRB","PDGFA - PDGFRB","PDGF","Secreted Signaling","PMID: 15207812"
"127","Alpha","Beta 2","PDGFA","PDGFRB",3.12502445009884e-06,0,"PDGFA_PDGFRB","PDGFA - PDGFRB","PDGF","Secreted Signaling","PMID: 15207812"
"128","Beta 2","Beta 2","PDGFA","PDGFRB",3.657974930215e-06,0,"PDGFA_PDGFRB","PDGFA - PDGFRB","PDGF","Secreted Signaling","PMID: 15207812"
"129","Beta 3","Beta 2","PDGFA","PDGFRB",3.84420923254006e-06,0,"PDGFA_PDGFRB","PDGFA - PDGFRB","PDGF","Secreted Signaling","PMID: 15207812"
"130","Alpha","Beta 3","PDGFA","PDGFRB",3.01552010006538e-06,0,"PDGFA_PDGFRB","PDGFA - PDGFRB","PDGF","Secreted Signaling","PMID: 15207812"
"131","Beta 2","Beta 3","PDGFA","PDGFRB",3.52979546552047e-06,0,"PDGFA_PDGFRB","PDGFA - PDGFRB","PDGF","Secreted Signaling","PMID: 15207812"
"132","Beta 3","Beta 3","PDGFA","PDGFRB",3.70950393727431e-06,0,"PDGFA_PDGFRB","PDGFA - PDGFRB","PDGF","Secreted Signaling","PMID: 15207812"
"133","Alpha","Alpha","PDGFB","PDGFRB",1.04771246066013e-07,0,"PDGFB_PDGFRB","PDGFB - PDGFRB","PDGF","Secreted Signaling","PMID: 15207812"
"134","Beta 2","Alpha","PDGFB","PDGFRB",1.22643042923286e-07,0,"PDGFB_PDGFRB","PDGFB - PDGFRB","PDGF","Secreted Signaling","PMID: 15207812"
"135","Beta 3","Alpha","PDGFB","PDGFRB",1.18718035818367e-07,0,"PDGFB_PDGFRB","PDGFB - PDGFRB","PDGF","Secreted Signaling","PMID: 15207812"
"136","Alpha","Delta","PDGFB","PDGFRB",9.44752489824693e-08,0.03,"PDGFB_PDGFRB","PDGFB - PDGFRB","PDGF","Secreted Signaling","PMID: 15207812"
"137","Beta 2","Delta","PDGFB","PDGFRB",1.10590762938854e-07,0.01,"PDGFB_PDGFRB","PDGFB - PDGFRB","PDGF","Secreted Signaling","PMID: 15207812"
"138","Beta 3","Delta","PDGFB","PDGFRB",1.07051470982366e-07,0.02,"PDGFB_PDGFRB","PDGFB - PDGFRB","PDGF","Secreted Signaling","PMID: 15207812"
"139","Alpha","Beta 2","PDGFB","PDGFRB",1.23955301108413e-07,0,"PDGFB_PDGFRB","PDGFB - PDGFRB","PDGF","Secreted Signaling","PMID: 15207812"
"140","Delta","Beta 2","PDGFB","PDGFRB",1.07097451945595e-07,0.01,"PDGFB_PDGFRB","PDGFB - PDGFRB","PDGF","Secreted Signaling","PMID: 15207812"
"141","Beta 2","Beta 2","PDGFB","PDGFRB",1.4509949853113e-07,0,"PDGFB_PDGFRB","PDGFB - PDGFRB","PDGF","Secreted Signaling","PMID: 15207812"
"142","Beta 3","Beta 2","PDGFB","PDGFRB",1.40455806262086e-07,0,"PDGFB_PDGFRB","PDGFB - PDGFRB","PDGF","Secreted Signaling","PMID: 15207812"
"143","Alpha","Beta 3","PDGFB","PDGFRB",1.19611756215893e-07,0,"PDGFB_PDGFRB","PDGFB - PDGFRB","PDGF","Secreted Signaling","PMID: 15207812"
"144","Delta","Beta 3","PDGFB","PDGFRB",1.03344626581873e-07,0.03,"PDGFB_PDGFRB","PDGFB - PDGFRB","PDGF","Secreted Signaling","PMID: 15207812"
"145","Beta 2","Beta 3","PDGFB","PDGFRB",1.40015035283029e-07,0,"PDGFB_PDGFRB","PDGFB - PDGFRB","PDGF","Secreted Signaling","PMID: 15207812"
"146","Beta 3","Beta 3","PDGFB","PDGFRB",1.35534063627884e-07,0,"PDGFB_PDGFRB","PDGFB - PDGFRB","PDGF","Secreted Signaling","PMID: 15207812"
"147","Beta 1","Alpha","IGF2","IGF1R",0.000142958970631425,0,"IGF2_IGF1R","IGF2 - IGF1R","IGF","Secreted Signaling","PMID: 14604834"
"148","Beta 1","Beta 1","IGF2","IGF1R",0.000126688980492005,0,"IGF2_IGF1R","IGF2 - IGF1R","IGF","Secreted Signaling","PMID: 14604834"
"149","Beta 1","Delta","IGF2","IGF1R",0.000107715982237477,0,"IGF2_IGF1R","IGF2 - IGF1R","IGF","Secreted Signaling","PMID: 14604834"
"150","Beta 1","Beta 2","IGF2","IGF1R",0.000161970370250597,0,"IGF2_IGF1R","IGF2 - IGF1R","IGF","Secreted Signaling","PMID: 14604834"
"151","Beta 1","Beta 3","IGF2","IGF1R",0.000157687926221671,0,"IGF2_IGF1R","IGF2 - IGF1R","IGF","Secreted Signaling","PMID: 14604834"
"152","Beta 1","Alpha","IGF2","ITGA6_ITGB4",0.000248764314883579,0,"IGF2_ITGA6_ITGB4","IGF2 - (ITGA6+ITGB4)","IGF","Secreted Signaling","PMID: 28190785; PMID: 28873464"
"153","Beta 1","Beta 1","IGF2","ITGA6_ITGB4",0.000160790721186544,0,"IGF2_ITGA6_ITGB4","IGF2 - (ITGA6+ITGB4)","IGF","Secreted Signaling","PMID: 28190785; PMID: 28873464"
"154","Beta 1","Delta","IGF2","ITGA6_ITGB4",0.000222465626104747,0,"IGF2_ITGA6_ITGB4","IGF2 - (ITGA6+ITGB4)","IGF","Secreted Signaling","PMID: 28190785; PMID: 28873464"
"155","Beta 1","Beta 2","IGF2","ITGA6_ITGB4",0.000268697196668271,0,"IGF2_ITGA6_ITGB4","IGF2 - (ITGA6+ITGB4)","IGF","Secreted Signaling","PMID: 28190785; PMID: 28873464"
"156","Beta 1","Beta 3","IGF2","ITGA6_ITGB4",0.000274471387999154,0,"IGF2_ITGA6_ITGB4","IGF2 - (ITGA6+ITGB4)","IGF","Secreted Signaling","PMID: 28190785; PMID: 28873464"
"157","Beta 1","Alpha","INS","INSR",0.000784471172286285,0,"INS_INSSR","INS - INSSR","INSULIN","Secreted Signaling","KEGG: hsa04911; PMID: 24633815"
"158","Beta 1","Beta 1","INS","INSR",0.000573531375628952,0.03,"INS_INSSR","INS - INSSR","INSULIN","Secreted Signaling","KEGG: hsa04911; PMID: 24633815"
"159","Beta 1","Beta 2","INS","INSR",0.000925535409060735,0.03,"INS_INSSR","INS - INSSR","INSULIN","Secreted Signaling","KEGG: hsa04911; PMID: 24633815"
"160","Beta 1","Beta 3","INS","INSR",0.000864499654935936,0.03,"INS_INSSR","INS - INSSR","INSULIN","Secreted Signaling","KEGG: hsa04911; PMID: 24633815"
"161","Alpha","Beta 1","MIF","CD74_CXCR4",0.000469768592469047,0,"MIF_CD74_CXCR4","MIF - (CD74+CXCR4)","MIF","Secreted Signaling","PMID: 29637711; PMID: 24760155"
"162","Beta 1","Beta 1","MIF","CD74_CXCR4",0.000454521902081237,0,"MIF_CD74_CXCR4","MIF - (CD74+CXCR4)","MIF","Secreted Signaling","PMID: 29637711; PMID: 24760155"
"163","Alpha","Delta","MIF","CD74_CXCR4",0.000498052335454431,0,"MIF_CD74_CXCR4","MIF - (CD74+CXCR4)","MIF","Secreted Signaling","PMID: 29637711; PMID: 24760155"
"164","Beta 1","Delta","MIF","CD74_CXCR4",0.000481888117638726,0,"MIF_CD74_CXCR4","MIF - (CD74+CXCR4)","MIF","Secreted Signaling","PMID: 29637711; PMID: 24760155"
"165","Delta","Delta","MIF","CD74_CXCR4",0.000462677904998478,0.02,"MIF_CD74_CXCR4","MIF - (CD74+CXCR4)","MIF","Secreted Signaling","PMID: 29637711; PMID: 24760155"
"166","Beta 2","Delta","MIF","CD74_CXCR4",0.000471066288358704,0,"MIF_CD74_CXCR4","MIF - (CD74+CXCR4)","MIF","Secreted Signaling","PMID: 29637711; PMID: 24760155"
"167","Beta 3","Delta","MIF","CD74_CXCR4",0.000474787510215505,0,"MIF_CD74_CXCR4","MIF - (CD74+CXCR4)","MIF","Secreted Signaling","PMID: 29637711; PMID: 24760155"
"168","Alpha","Alpha","MIF","CD74_CD44",0.00568064935235571,0,"MIF_CD74_CD44","MIF - (CD74+CD44)","MIF","Secreted Signaling","PMID: 29637711; PMID: 26175090"
"169","Beta 1","Alpha","MIF","CD74_CD44",0.00549720977827345,0,"MIF_CD74_CD44","MIF - (CD74+CD44)","MIF","Secreted Signaling","PMID: 29637711; PMID: 26175090"
"170","Delta","Alpha","MIF","CD74_CD44",0.00527912242444998,0.01,"MIF_CD74_CD44","MIF - (CD74+CD44)","MIF","Secreted Signaling","PMID: 29637711; PMID: 26175090"
"171","Beta 2","Alpha","MIF","CD74_CD44",0.0053743637698576,0,"MIF_CD74_CD44","MIF - (CD74+CD44)","MIF","Secreted Signaling","PMID: 29637711; PMID: 26175090"
"172","Beta 3","Alpha","MIF","CD74_CD44",0.00541660903553502,0.01,"MIF_CD74_CD44","MIF - (CD74+CD44)","MIF","Secreted Signaling","PMID: 29637711; PMID: 26175090"
"173","Alpha","Alpha","IL4","IL4R_IL13RA1",1.28527401873947e-05,0,"IL4_IL4R_IL13RA1","IL4 - (IL4R+IL13RA1)","IL4","Secreted Signaling","KEGG: hsa04060"
"174","Beta 2","Alpha","IL4","IL4R_IL13RA1",1.5040742607101e-05,0.03,"IL4_IL4R_IL13RA1","IL4 - (IL4R+IL13RA1)","IL4","Secreted Signaling","KEGG: hsa04060"
"175","Alpha","Beta 2","IL4","IL4R_IL13RA1",1.41747307232202e-05,0.02,"IL4_IL4R_IL13RA1","IL4 - (IL4R+IL13RA1)","IL4","Secreted Signaling","KEGG: hsa04060"
"176","Beta 2","Beta 2","IL4","IL4R_IL13RA1",1.65877801343046e-05,0.03,"IL4_IL4R_IL13RA1","IL4 - (IL4R+IL13RA1)","IL4","Secreted Signaling","KEGG: hsa04060"
"177","Beta 2","Beta 3","IL4","IL4R_IL13RA1",1.57950226030452e-05,0.03,"IL4_IL4R_IL13RA1","IL4 - (IL4R+IL13RA1)","IL4","Secreted Signaling","KEGG: hsa04060"
"178","Alpha","Alpha","IL4","IL4R_IL13RA2",3.77935410357872e-06,0,"IL4_IL4R_IL13RA2","IL4 - (IL4R+IL13RA2)","IL4","Secreted Signaling","KEGG: hsa04060"
"179","Beta 2","Alpha","IL4","IL4R_IL13RA2",4.42274404277029e-06,0.03,"IL4_IL4R_IL13RA2","IL4 - (IL4R+IL13RA2)","IL4","Secreted Signaling","KEGG: hsa04060"
"180","Alpha","Beta 2","IL4","IL4R_IL13RA2",4.21029268734996e-06,0.03,"IL4_IL4R_IL13RA2","IL4 - (IL4R+IL13RA2)","IL4","Secreted Signaling","KEGG: hsa04060"
"181","Beta 2","Beta 3","IL4","IL4R_IL13RA2",4.58034100482485e-06,0.04,"IL4_IL4R_IL13RA2","IL4 - (IL4R+IL13RA2)","IL4","Secreted Signaling","KEGG: hsa04060"
"182","Beta 1","Alpha","SPP1","CD44",0.000244901145151073,0,"SPP1_CD44","SPP1 - CD44","SPP1","Secreted Signaling","PMID: 21907263"
"183","Beta 1","Beta 1","SPP1","CD44",0.000126730104882456,0,"SPP1_CD44","SPP1 - CD44","SPP1","Secreted Signaling","PMID: 21907263"
"184","Beta 1","Delta","SPP1","CD44",0.000103008045493005,0,"SPP1_CD44","SPP1 - CD44","SPP1","Secreted Signaling","PMID: 21907263"
"185","Beta 1","Beta 2","SPP1","CD44",0.000236844531953021,0,"SPP1_CD44","SPP1 - CD44","SPP1","Secreted Signaling","PMID: 21907263"
"186","Beta 1","Beta 3","SPP1","CD44",0.000186475110243099,0,"SPP1_CD44","SPP1 - CD44","SPP1","Secreted Signaling","PMID: 21907263"
"187","Beta 1","Alpha","SPP1","ITGAV_ITGB1",0.000591440121531295,0,"SPP1_ITGAV_ITGB1","SPP1 - (ITGAV+ITGB1)","SPP1","Secreted Signaling","PMID: 21907263"
"188","Beta 1","Beta 1","SPP1","ITGAV_ITGB1",0.000457399746008572,0,"SPP1_ITGAV_ITGB1","SPP1 - (ITGAV+ITGB1)","SPP1","Secreted Signaling","PMID: 21907263"
"189","Beta 1","Delta","SPP1","ITGAV_ITGB1",0.000499217348608972,0,"SPP1_ITGAV_ITGB1","SPP1 - (ITGAV+ITGB1)","SPP1","Secreted Signaling","PMID: 21907263"
"190","Beta 1","Beta 2","SPP1","ITGAV_ITGB1",0.000617444587204415,0,"SPP1_ITGAV_ITGB1","SPP1 - (ITGAV+ITGB1)","SPP1","Secreted Signaling","PMID: 21907263"
"191","Beta 1","Beta 3","SPP1","ITGAV_ITGB1",0.000629306779826503,0,"SPP1_ITGAV_ITGB1","SPP1 - (ITGAV+ITGB1)","SPP1","Secreted Signaling","PMID: 21907263"
"192","Beta 1","Alpha","SPP1","ITGAV_ITGB5",0.000186382787895072,0,"SPP1_ITGAV_ITGB5","SPP1 - (ITGAV+ITGB5)","SPP1","Secreted Signaling","PMID: 21907263"
"193","Beta 1","Beta 1","SPP1","ITGAV_ITGB5",0.000143488159984691,0,"SPP1_ITGAV_ITGB5","SPP1 - (ITGAV+ITGB5)","SPP1","Secreted Signaling","PMID: 21907263"
"194","Beta 1","Delta","SPP1","ITGAV_ITGB5",0.000158351247665952,0,"SPP1_ITGAV_ITGB5","SPP1 - (ITGAV+ITGB5)","SPP1","Secreted Signaling","PMID: 21907263"
"195","Beta 1","Beta 2","SPP1","ITGAV_ITGB5",0.000195440084935635,0,"SPP1_ITGAV_ITGB5","SPP1 - (ITGAV+ITGB5)","SPP1","Secreted Signaling","PMID: 21907263"
"196","Beta 1","Beta 3","SPP1","ITGAV_ITGB5",0.000195137519745975,0,"SPP1_ITGAV_ITGB5","SPP1 - (ITGAV+ITGB5)","SPP1","Secreted Signaling","PMID: 21907263"
"197","Beta 1","Alpha","SPP1","ITGA4_ITGB1",0.000746844274556227,0,"SPP1_ITGA4_ITGB1","SPP1 - (ITGA4+ITGB1)","SPP1","Secreted Signaling","PMID: 21907263"
"198","Beta 1","Beta 1","SPP1","ITGA4_ITGB1",0.00047071547194055,0,"SPP1_ITGA4_ITGB1","SPP1 - (ITGA4+ITGB1)","SPP1","Secreted Signaling","PMID: 21907263"
"199","Beta 1","Delta","SPP1","ITGA4_ITGB1",0.000576145526913844,0,"SPP1_ITGA4_ITGB1","SPP1 - (ITGA4+ITGB1)","SPP1","Secreted Signaling","PMID: 21907263"
"200","Beta 1","Beta 2","SPP1","ITGA4_ITGB1",0.000847535336830927,0,"SPP1_ITGA4_ITGB1","SPP1 - (ITGA4+ITGB1)","SPP1","Secreted Signaling","PMID: 21907263"
"201","Beta 1","Beta 3","SPP1","ITGA4_ITGB1",0.000886643302939527,0,"SPP1_ITGA4_ITGB1","SPP1 - (ITGA4+ITGB1)","SPP1","Secreted Signaling","PMID: 21907263"
"202","Beta 1","Alpha","SPP1","ITGA5_ITGB1",0.00084450446917652,0,"SPP1_ITGA5_ITGB1","SPP1 - (ITGA5+ITGB1)","SPP1","Secreted Signaling","PMID: 21907263"
"203","Beta 1","Beta 1","SPP1","ITGA5_ITGB1",0.000535698655940548,0,"SPP1_ITGA5_ITGB1","SPP1 - (ITGA5+ITGB1)","SPP1","Secreted Signaling","PMID: 21907263"
"204","Beta 1","Delta","SPP1","ITGA5_ITGB1",0.000655832739419569,0,"SPP1_ITGA5_ITGB1","SPP1 - (ITGA5+ITGB1)","SPP1","Secreted Signaling","PMID: 21907263"
"205","Beta 1","Beta 2","SPP1","ITGA5_ITGB1",0.000957035219118465,0,"SPP1_ITGA5_ITGB1","SPP1 - (ITGA5+ITGB1)","SPP1","Secreted Signaling","PMID: 21907263"
"206","Beta 1","Beta 3","SPP1","ITGA5_ITGB1",0.000996896602565712,0,"SPP1_ITGA5_ITGB1","SPP1 - (ITGA5+ITGB1)","SPP1","Secreted Signaling","PMID: 21907263"
"207","Alpha","Alpha","NAMPT","INSR",7.86884337963269e-05,0,"NAMPT_INSR","NAMPT - INSR","VISFATIN","Secreted Signaling","PMID: 28490838"
"208","Beta 1","Alpha","NAMPT","INSR",6.93222104810001e-05,0.01,"NAMPT_INSR","NAMPT - INSR","VISFATIN","Secreted Signaling","PMID: 28490838"
"209","Beta 2","Alpha","NAMPT","INSR",7.17975322705962e-05,0.03,"NAMPT_INSR","NAMPT - INSR","VISFATIN","Secreted Signaling","PMID: 28490838"
"210","Beta 3","Alpha","NAMPT","INSR",8.55069576348798e-05,0,"NAMPT_INSR","NAMPT - INSR","VISFATIN","Secreted Signaling","PMID: 28490838"
"211","Alpha","Beta 2","NAMPT","INSR",9.3301413715501e-05,0.04,"NAMPT_INSR","NAMPT - INSR","VISFATIN","Secreted Signaling","PMID: 28490838"
"212","Beta 3","Beta 2","NAMPT","INSR",0.000101386055639385,0.03,"NAMPT_INSR","NAMPT - INSR","VISFATIN","Secreted Signaling","PMID: 28490838"
"213","Alpha","Beta 3","NAMPT","INSR",8.73976912057421e-05,0.04,"NAMPT_INSR","NAMPT - INSR","VISFATIN","Secreted Signaling","PMID: 28490838"
"214","Beta 3","Beta 3","NAMPT","INSR",9.49708194528463e-05,0.03,"NAMPT_INSR","NAMPT - INSR","VISFATIN","Secreted Signaling","PMID: 28490838"
"215","Alpha","Alpha","NAMPT","ITGA5_ITGB1",0.0056971313842935,0,"NAMPT_ITGA5_ITGB1","NAMPT - (ITGA5+ITGB1)","VISFATIN","Secreted Signaling","PMID: 28490838"
"216","Beta 1","Alpha","NAMPT","ITGA5_ITGB1",0.0050223652649991,0.01,"NAMPT_ITGA5_ITGB1","NAMPT - (ITGA5+ITGB1)","VISFATIN","Secreted Signaling","PMID: 28490838"
"217","Beta 2","Alpha","NAMPT","ITGA5_ITGB1",0.005200781419603,0.04,"NAMPT_ITGA5_ITGB1","NAMPT - (ITGA5+ITGB1)","VISFATIN","Secreted Signaling","PMID: 28490838"
"218","Beta 3","Alpha","NAMPT","ITGA5_ITGB1",0.00618778743975383,0,"NAMPT_ITGA5_ITGB1","NAMPT - (ITGA5+ITGB1)","VISFATIN","Secreted Signaling","PMID: 28490838"
"219","Alpha","Beta 2","NAMPT","ITGA5_ITGB1",0.00645210215676656,0,"NAMPT_ITGA5_ITGB1","NAMPT - (ITGA5+ITGB1)","VISFATIN","Secreted Signaling","PMID: 28490838"
"220","Beta 1","Beta 2","NAMPT","ITGA5_ITGB1",0.00568842914537527,0,"NAMPT_ITGA5_ITGB1","NAMPT - (ITGA5+ITGB1)","VISFATIN","Secreted Signaling","PMID: 28490838"
"221","Beta 2","Beta 2","NAMPT","ITGA5_ITGB1",0.00589036669393905,0,"NAMPT_ITGA5_ITGB1","NAMPT - (ITGA5+ITGB1)","VISFATIN","Secreted Signaling","PMID: 28490838"
"222","Beta 3","Beta 2","NAMPT","ITGA5_ITGB1",0.007007320595436,0,"NAMPT_ITGA5_ITGB1","NAMPT - (ITGA5+ITGB1)","VISFATIN","Secreted Signaling","PMID: 28490838"
"223","Alpha","Beta 3","NAMPT","ITGA5_ITGB1",0.00671929870437541,0,"NAMPT_ITGA5_ITGB1","NAMPT - (ITGA5+ITGB1)","VISFATIN","Secreted Signaling","PMID: 28490838"
"224","Beta 1","Beta 3","NAMPT","ITGA5_ITGB1",0.00592418879046424,0,"NAMPT_ITGA5_ITGB1","NAMPT - (ITGA5+ITGB1)","VISFATIN","Secreted Signaling","PMID: 28490838"
"225","Beta 2","Beta 3","NAMPT","ITGA5_ITGB1",0.00613444410122246,0,"NAMPT_ITGA5_ITGB1","NAMPT - (ITGA5+ITGB1)","VISFATIN","Secreted Signaling","PMID: 28490838"
"226","Beta 3","Beta 3","NAMPT","ITGA5_ITGB1",0.00729734115259991,0,"NAMPT_ITGA5_ITGB1","NAMPT - (ITGA5+ITGB1)","VISFATIN","Secreted Signaling","PMID: 28490838"
"227","Alpha","Alpha","MDK","SDC2",0.0172887166185497,0,"MDK_SDC2","MDK - SDC2","MK","Secreted Signaling","PMID: 28356350"
"228","Delta","Alpha","MDK","SDC2",0.0175106881880421,0,"MDK_SDC2","MDK - SDC2","MK","Secreted Signaling","PMID: 28356350"
"229","Beta 2","Alpha","MDK","SDC2",0.0154817011188988,0.03,"MDK_SDC2","MDK - SDC2","MK","Secreted Signaling","PMID: 28356350"
"230","Beta 3","Alpha","MDK","SDC2",0.0168262013797747,0,"MDK_SDC2","MDK - SDC2","MK","Secreted Signaling","PMID: 28356350"
"231","Alpha","Beta 2","MDK","SDC2",0.0175083386372035,0.01,"MDK_SDC2","MDK - SDC2","MK","Secreted Signaling","PMID: 28356350"
"232","Delta","Beta 2","MDK","SDC2",0.0177330790733282,0,"MDK_SDC2","MDK - SDC2","MK","Secreted Signaling","PMID: 28356350"
"233","Beta 2","Beta 2","MDK","SDC2",0.0156787344940992,0.03,"MDK_SDC2","MDK - SDC2","MK","Secreted Signaling","PMID: 28356350"
"234","Beta 3","Beta 2","MDK","SDC2",0.0170400498538783,0.01,"MDK_SDC2","MDK - SDC2","MK","Secreted Signaling","PMID: 28356350"
"235","Alpha","Beta 3","MDK","SDC2",0.0170479027060466,0.03,"MDK_SDC2","MDK - SDC2","MK","Secreted Signaling","PMID: 28356350"
"236","Delta","Beta 3","MDK","SDC2",0.0172668367669339,0.03,"MDK_SDC2","MDK - SDC2","MK","Secreted Signaling","PMID: 28356350"
"237","Alpha","Alpha","MDK","ITGA4_ITGB1",0.00993158824577381,0,"MDK_ITGA4_ITGB1","MDK - (ITGA4+ITGB1)","MK","Secreted Signaling","PMID: 28356350"
"238","Delta","Alpha","MDK","ITGA4_ITGB1",0.0100600678858987,0,"MDK_ITGA4_ITGB1","MDK - (ITGA4+ITGB1)","MK","Secreted Signaling","PMID: 28356350"
"239","Beta 2","Alpha","MDK","ITGA4_ITGB1",0.0088865856015768,0,"MDK_ITGA4_ITGB1","MDK - (ITGA4+ITGB1)","MK","Secreted Signaling","PMID: 28356350"
"240","Beta 3","Alpha","MDK","ITGA4_ITGB1",0.00966395855960823,0,"MDK_ITGA4_ITGB1","MDK - (ITGA4+ITGB1)","MK","Secreted Signaling","PMID: 28356350"
"241","Alpha","Beta 2","MDK","ITGA4_ITGB1",0.0112566355728877,0,"MDK_ITGA4_ITGB1","MDK - (ITGA4+ITGB1)","MK","Secreted Signaling","PMID: 28356350"
"242","Delta","Beta 2","MDK","ITGA4_ITGB1",0.0114020592327487,0,"MDK_ITGA4_ITGB1","MDK - (ITGA4+ITGB1)","MK","Secreted Signaling","PMID: 28356350"
"243","Beta 2","Beta 2","MDK","ITGA4_ITGB1",0.0100736298952812,0,"MDK_ITGA4_ITGB1","MDK - (ITGA4+ITGB1)","MK","Secreted Signaling","PMID: 28356350"
"244","Beta 3","Beta 2","MDK","ITGA4_ITGB1",0.0109536944536327,0,"MDK_ITGA4_ITGB1","MDK - (ITGA4+ITGB1)","MK","Secreted Signaling","PMID: 28356350"
"245","Alpha","Beta 3","MDK","ITGA4_ITGB1",0.0117703941879467,0,"MDK_ITGA4_ITGB1","MDK - (ITGA4+ITGB1)","MK","Secreted Signaling","PMID: 28356350"
"246","Delta","Beta 3","MDK","ITGA4_ITGB1",0.0119223750259497,0,"MDK_ITGA4_ITGB1","MDK - (ITGA4+ITGB1)","MK","Secreted Signaling","PMID: 28356350"
"247","Beta 2","Beta 3","MDK","ITGA4_ITGB1",0.01053397076083,0,"MDK_ITGA4_ITGB1","MDK - (ITGA4+ITGB1)","MK","Secreted Signaling","PMID: 28356350"
"248","Beta 3","Beta 3","MDK","ITGA4_ITGB1",0.0114537868482387,0,"MDK_ITGA4_ITGB1","MDK - (ITGA4+ITGB1)","MK","Secreted Signaling","PMID: 28356350"
"249","Alpha","Alpha","MDK","ITGA6_ITGB1",0.0138271899519044,0,"MDK_ITGA6_ITGB1","MDK - (ITGA6+ITGB1)","MK","Secreted Signaling","PMID: 28356350"
"250","Delta","Alpha","MDK","ITGA6_ITGB1",0.0140053520215573,0,"MDK_ITGA6_ITGB1","MDK - (ITGA6+ITGB1)","MK","Secreted Signaling","PMID: 28356350"
"251","Beta 2","Alpha","MDK","ITGA6_ITGB1",0.0123774160727367,0,"MDK_ITGA6_ITGB1","MDK - (ITGA6+ITGB1)","MK","Secreted Signaling","PMID: 28356350"
"252","Beta 3","Alpha","MDK","ITGA6_ITGB1",0.013456010968358,0,"MDK_ITGA6_ITGB1","MDK - (ITGA6+ITGB1)","MK","Secreted Signaling","PMID: 28356350"
"253","Alpha","Beta 2","MDK","ITGA6_ITGB1",0.0157931773214373,0,"MDK_ITGA6_ITGB1","MDK - (ITGA6+ITGB1)","MK","Secreted Signaling","PMID: 28356350"
"254","Delta","Beta 2","MDK","ITGA6_ITGB1",0.0159962600655645,0,"MDK_ITGA6_ITGB1","MDK - (ITGA6+ITGB1)","MK","Secreted Signaling","PMID: 28356350"
"255","Beta 2","Beta 2","MDK","ITGA6_ITGB1",0.0141402262923217,0,"MDK_ITGA6_ITGB1","MDK - (ITGA6+ITGB1)","MK","Secreted Signaling","PMID: 28356350"
"256","Beta 3","Beta 2","MDK","ITGA6_ITGB1",0.0153700456343541,0,"MDK_ITGA6_ITGB1","MDK - (ITGA6+ITGB1)","MK","Secreted Signaling","PMID: 28356350"
"257","Alpha","Beta 3","MDK","ITGA6_ITGB1",0.0164276010092802,0,"MDK_ITGA6_ITGB1","MDK - (ITGA6+ITGB1)","MK","Secreted Signaling","PMID: 28356350"
"258","Delta","Beta 3","MDK","ITGA6_ITGB1",0.0166387038219585,0,"MDK_ITGA6_ITGB1","MDK - (ITGA6+ITGB1)","MK","Secreted Signaling","PMID: 28356350"
"259","Beta 2","Beta 3","MDK","ITGA6_ITGB1",0.0147092420774084,0,"MDK_ITGA6_ITGB1","MDK - (ITGA6+ITGB1)","MK","Secreted Signaling","PMID: 28356350"
"260","Beta 3","Beta 3","MDK","ITGA6_ITGB1",0.015987747920069,0,"MDK_ITGA6_ITGB1","MDK - (ITGA6+ITGB1)","MK","Secreted Signaling","PMID: 28356350"
"261","Alpha","Alpha","MDK","LRP1",7.84547701118526e-05,0,"MDK_LRP1","MDK - LRP1","MK","Secreted Signaling","PMID: 28356350"
"262","Delta","Alpha","MDK","LRP1",7.94799299824997e-05,0,"MDK_LRP1","MDK - LRP1","MK","Secreted Signaling","PMID: 28356350"
"263","Beta 3","Alpha","MDK","LRP1",7.63201568571987e-05,0,"MDK_LRP1","MDK - LRP1","MK","Secreted Signaling","PMID: 28356350"
"264","Alpha","Beta 2","MDK","LRP1",7.97195828989125e-05,0,"MDK_LRP1","MDK - LRP1","MK","Secreted Signaling","PMID: 28356350"
"265","Delta","Beta 2","MDK","LRP1",8.07612686045751e-05,0,"MDK_LRP1","MDK - LRP1","MK","Secreted Signaling","PMID: 28356350"
"266","Beta 3","Beta 2","MDK","LRP1",7.75505590310868e-05,0.01,"MDK_LRP1","MDK - LRP1","MK","Secreted Signaling","PMID: 28356350"
"267","Alpha","Beta 3","MDK","LRP1",7.33123856361016e-05,0.04,"MDK_LRP1","MDK - LRP1","MK","Secreted Signaling","PMID: 28356350"
"268","Delta","Beta 3","MDK","LRP1",7.42703555241664e-05,0.02,"MDK_LRP1","MDK - LRP1","MK","Secreted Signaling","PMID: 28356350"
"269","Alpha","Alpha","MDK","NCL",0.0130206545202228,0,"MDK_NCL","MDK - NCL","MK","Secreted Signaling","PMID: 28356350"
"270","Delta","Alpha","MDK","NCL",0.0131885634341032,0,"MDK_NCL","MDK - NCL","MK","Secreted Signaling","PMID: 28356350"
"271","Beta 3","Alpha","MDK","NCL",0.0126708481046446,0.03,"MDK_NCL","MDK - NCL","MK","Secreted Signaling","PMID: 28356350"
"272","Alpha","Beta 2","MDK","NCL",0.0174592496025363,0,"MDK_NCL","MDK - NCL","MK","Secreted Signaling","PMID: 28356350"
"273","Beta 1","Beta 2","MDK","NCL",0.0129934588987059,0.03,"MDK_NCL","MDK - NCL","MK","Secreted Signaling","PMID: 28356350"
"274","Delta","Beta 2","MDK","NCL",0.0176833712634219,0,"MDK_NCL","MDK - NCL","MK","Secreted Signaling","PMID: 28356350"
"275","Beta 2","Beta 2","MDK","NCL",0.0156346935838158,0,"MDK_NCL","MDK - NCL","MK","Secreted Signaling","PMID: 28356350"
"276","Beta 3","Beta 2","MDK","NCL",0.0169922510768801,0,"MDK_NCL","MDK - NCL","MK","Secreted Signaling","PMID: 28356350"
"277","Alpha","Beta 3","MDK","NCL",0.0175445445974847,0,"MDK_NCL","MDK - NCL","MK","Secreted Signaling","PMID: 28356350"
"278","Delta","Beta 3","MDK","NCL",0.0177697413747519,0,"MDK_NCL","MDK - NCL","MK","Secreted Signaling","PMID: 28356350"
"279","Beta 2","Beta 3","MDK","NCL",0.0157112174696794,0,"MDK_NCL","MDK - NCL","MK","Secreted Signaling","PMID: 28356350"
"280","Beta 3","Beta 3","MDK","NCL",0.0170753042574674,0,"MDK_NCL","MDK - NCL","MK","Secreted Signaling","PMID: 28356350"
"281","Alpha","Alpha","AGT","AGTR1",1.76845193697252e-06,0,"AGT_AGTR1B","AGT - AGTR1B","AGT","Secreted Signaling","KEGG: hsa04080"
"282","Alpha","Delta","AGT","AGTR1",1.78106687995205e-06,0.02,"AGT_AGTR1B","AGT - AGTR1B","AGT","Secreted Signaling","KEGG: hsa04080"
"283","Alpha","Beta 2","AGT","AGTR1",2.09665272766115e-06,0,"AGT_AGTR1B","AGT - AGTR1B","AGT","Secreted Signaling","KEGG: hsa04080"
"284","Beta 1","Beta 2","AGT","AGTR1",1.85525864282825e-06,0.02,"AGT_AGTR1B","AGT - AGTR1B","AGT","Secreted Signaling","KEGG: hsa04080"
"285","Alpha","Beta 3","AGT","AGTR1",2.20962425943935e-06,0,"AGT_AGTR1B","AGT - AGTR1B","AGT","Secreted Signaling","KEGG: hsa04080"
"286","Beta 1","Beta 3","AGT","AGTR1",1.95522343970675e-06,0.01,"AGT_AGTR1B","AGT - AGTR1B","AGT","Secreted Signaling","KEGG: hsa04080"
"287","Beta 1","Alpha","POMC","OPRD1",8.95976750086039e-07,0,"POMC_OPRD1","POMC - OPRD1","OPIOID","Secreted Signaling","KEGG: hsa04080"
"288","Beta 1","Beta 1","POMC","OPRD1",7.48613654024316e-07,0.04,"POMC_OPRD1","POMC - OPRD1","OPIOID","Secreted Signaling","KEGG: hsa04080"
"289","Beta 1","Delta","POMC","OPRD1",8.27233103676723e-07,0,"POMC_OPRD1","POMC - OPRD1","OPIOID","Secreted Signaling","KEGG: hsa04080"
"290","Beta 1","Beta 2","POMC","OPRD1",9.761215406628e-07,0,"POMC_OPRD1","POMC - OPRD1","OPIOID","Secreted Signaling","KEGG: hsa04080"
"291","Beta 1","Beta 3","POMC","OPRD1",9.35064396661662e-07,0,"POMC_OPRD1","POMC - OPRD1","OPIOID","Secreted Signaling","KEGG: hsa04080"
"292","Alpha","Delta","SST","SSTR1",0.00683726740437831,0,"SST_SSTR1","SST - SSTR1","SOMATOSTATIN","Secreted Signaling","KEGG: hsa04080"
"293","Beta 1","Delta","SST","SSTR1",0.00835684176168119,0,"SST_SSTR1","SST - SSTR1","SOMATOSTATIN","Secreted Signaling","KEGG: hsa04080"
"294","Delta","Delta","SST","SSTR1",0.0162197543135948,0,"SST_SSTR1","SST - SSTR1","SOMATOSTATIN","Secreted Signaling","KEGG: hsa04080"
"295","Beta 2","Delta","SST","SSTR1",0.00633638794142597,0,"SST_SSTR1","SST - SSTR1","SOMATOSTATIN","Secreted Signaling","KEGG: hsa04080"
"296","Beta 3","Delta","SST","SSTR1",0.00630889189456761,0,"SST_SSTR1","SST - SSTR1","SOMATOSTATIN","Secreted Signaling","KEGG: hsa04080"
"297","Alpha","Alpha","SST","SSTR2",0.0559033734643869,0.04,"SST_SSTR2","SST - SSTR2","SOMATOSTATIN","Secreted Signaling","KEGG: hsa04080"
"298","Beta 1","Alpha","SST","SSTR2",0.0675857417444621,0,"SST_SSTR2","SST - SSTR2","SOMATOSTATIN","Secreted Signaling","KEGG: hsa04080"
"299","Delta","Alpha","SST","SSTR2",0.124197229501743,0,"SST_SSTR2","SST - SSTR2","SOMATOSTATIN","Secreted Signaling","KEGG: hsa04080"
"300","Delta","Beta 1","SST","SSTR2",0.102300684308823,0,"SST_SSTR2","SST - SSTR2","SOMATOSTATIN","Secreted Signaling","KEGG: hsa04080"
"301","Beta 1","Delta","SST","SSTR2",0.0596772321154287,0,"SST_SSTR2","SST - SSTR2","SOMATOSTATIN","Secreted Signaling","KEGG: hsa04080"
"302","Delta","Delta","SST","SSTR2",0.110449045062874,0,"SST_SSTR2","SST - SSTR2","SOMATOSTATIN","Secreted Signaling","KEGG: hsa04080"
"303","Beta 1","Beta 2","SST","SSTR2",0.0670114094615264,0,"SST_SSTR2","SST - SSTR2","SOMATOSTATIN","Secreted Signaling","KEGG: hsa04080"
"304","Delta","Beta 2","SST","SSTR2",0.123205389566235,0,"SST_SSTR2","SST - SSTR2","SOMATOSTATIN","Secreted Signaling","KEGG: hsa04080"
"305","Beta 1","Beta 3","SST","SSTR2",0.0665015894380336,0,"SST_SSTR2","SST - SSTR2","SOMATOSTATIN","Secreted Signaling","KEGG: hsa04080"
"306","Delta","Beta 3","SST","SSTR2",0.122324100397521,0,"SST_SSTR2","SST - SSTR2","SOMATOSTATIN","Secreted Signaling","KEGG: hsa04080"
"307","Beta 1","Alpha","NPPC","NPR2",3.80704398698871e-09,0,"NPPC_NPR2","NPPC - NPR2","NPR2","Secreted Signaling","KEGG: hsa04080; PMID: 29934642"
"308","Alpha","Beta 1","NPPC","NPR2",3.80704398698871e-09,0,"NPPC_NPR2","NPPC - NPR2","NPR2","Secreted Signaling","KEGG: hsa04080; PMID: 29934642"
"309","Beta 1","Beta 1","NPPC","NPR2",9.62343541334458e-09,0,"NPPC_NPR2","NPPC - NPR2","NPR2","Secreted Signaling","KEGG: hsa04080; PMID: 29934642"
"310","Delta","Beta 1","NPPC","NPR2",3.17244175439123e-09,0,"NPPC_NPR2","NPPC - NPR2","NPR2","Secreted Signaling","KEGG: hsa04080; PMID: 29934642"
"311","Beta 2","Beta 1","NPPC","NPR2",3.46052917404964e-09,0,"NPPC_NPR2","NPPC - NPR2","NPR2","Secreted Signaling","KEGG: hsa04080; PMID: 29934642"
"312","Beta 3","Beta 1","NPPC","NPR2",3.47086015140821e-09,0,"NPPC_NPR2","NPPC - NPR2","NPR2","Secreted Signaling","KEGG: hsa04080; PMID: 29934642"
"313","Beta 1","Delta","NPPC","NPR2",3.17244175439123e-09,0,"NPPC_NPR2","NPPC - NPR2","NPR2","Secreted Signaling","KEGG: hsa04080; PMID: 29934642"
"314","Beta 1","Beta 2","NPPC","NPR2",3.46052917404964e-09,0,"NPPC_NPR2","NPPC - NPR2","NPR2","Secreted Signaling","KEGG: hsa04080; PMID: 29934642"
"315","Beta 1","Beta 3","NPPC","NPR2",3.47086015140821e-09,0,"NPPC_NPR2","NPPC - NPR2","NPR2","Secreted Signaling","KEGG: hsa04080; PMID: 29934642"
"316","Alpha","Beta 3","GCG","GIPR",0.00657287367332508,0.04,"GCG_GIPR","GCG - GIPR","GIPR","Secreted Signaling","KEGG: hsa04080"
"317","Beta 3","Beta 3","GCG","GIPR",0.00655068928979078,0.03,"GCG_GIPR","GCG - GIPR","GIPR","Secreted Signaling","KEGG: hsa04080"
"318","Alpha","Beta 1","GCG","GCGR",0.00646268901779041,0,"GCG_GCGR","GCG - GCGR","GCG","Secreted Signaling","KEGG: hsa04080"
"319","Beta 1","Beta 1","GCG","GCGR",0.00391473162372087,0,"GCG_GCGR","GCG - GCGR","GCG","Secreted Signaling","KEGG: hsa04080"
"320","Delta","Beta 1","GCG","GCGR",0.00402565200738943,0,"GCG_GCGR","GCG - GCGR","GCG","Secreted Signaling","KEGG: hsa04080"
"321","Beta 2","Beta 1","GCG","GCGR",0.00645452074932559,0,"GCG_GCGR","GCG - GCGR","GCG","Secreted Signaling","KEGG: hsa04080"
"322","Beta 3","Beta 1","GCG","GCGR",0.00644087411200297,0,"GCG_GCGR","GCG - GCGR","GCG","Secreted Signaling","KEGG: hsa04080"
"323","Alpha","Alpha","GCG","GLP1R",0.167754372524613,0,"GCG_GLP1R","GCG - GLP1R","GCG","Secreted Signaling","KEGG: hsa04080"
"324","Beta 2","Alpha","GCG","GLP1R",0.167576729951843,0,"GCG_GLP1R","GCG - GLP1R","GCG","Secreted Signaling","KEGG: hsa04080"
"325","Beta 3","Alpha","GCG","GLP1R",0.167279781713878,0,"GCG_GLP1R","GCG - GLP1R","GCG","Secreted Signaling","KEGG: hsa04080"
"326","Alpha","Beta 2","GCG","GLP1R",0.167799066936456,0,"GCG_GLP1R","GCG - GLP1R","GCG","Secreted Signaling","KEGG: hsa04080"
"327","Beta 2","Beta 2","GCG","GLP1R",0.167621386567229,0,"GCG_GLP1R","GCG - GLP1R","GCG","Secreted Signaling","KEGG: hsa04080"
"328","Beta 3","Beta 2","GCG","GLP1R",0.167324375103389,0,"GCG_GLP1R","GCG - GLP1R","GCG","Secreted Signaling","KEGG: hsa04080"
"329","Alpha","Beta 3","GCG","GLP1R",0.167823668473688,0,"GCG_GLP1R","GCG - GLP1R","GCG","Secreted Signaling","KEGG: hsa04080"
"330","Beta 2","Beta 3","GCG","GLP1R",0.167645967301993,0,"GCG_GLP1R","GCG - GLP1R","GCG","Secreted Signaling","KEGG: hsa04080"
"331","Beta 3","Beta 3","GCG","GLP1R",0.167348921039793,0,"GCG_GLP1R","GCG - GLP1R","GCG","Secreted Signaling","KEGG: hsa04080"
